round,mae,mse,rmse,r2
1,4098.34716796875,18274326.0,4274.848067475615,-11.365225791931152
2,4096.47607421875,18258950.0,4273.0492625290435,-11.354822158813477
3,4091.44091796875,18217692.0,4268.218832253098,-11.326904296875
4,4079.740478515625,18122114.0,4257.0076344775325,-11.262231826782227
5,4056.65380859375,17934534.0,4234.918417159886,-11.135307312011719
6,4016.828369140625,17613638.0,4196.860493273513,-10.918174743652344
7,3954.544189453125,17118348.0,4137.432537214353,-10.583039283752441
8,3863.89501953125,16411180.0,4051.071463205753,-10.104537963867188
9,3738.9111328125,15462878.0,3932.2866121380316,-9.462874412536621
10,3572.9638671875,14252541.0,3775.2537663049884,-8.643906593322754
11,3360.002685546875,12780096.0,3574.9260132204136,-7.647583961486816
12,3092.993896484375,11061697.0,3325.9129573697505,-6.484838485717773
13,2765.490234375,9148908.0,3024.716185032903,-5.190559387207031
14,2370.012451171875,7125036.0,2669.276306417153,-3.821117877960205
15,1910.208740234375,5126797.5,2264.243251066457,-2.469020366668701
16,1497.4635009765625,3358236.5,1832.5491807861529,-1.2723329067230225
17,1229.3629150390625,2087325.625,1444.7579814626392,-0.41237783432006836
18,1127.53076171875,1567178.125,1251.8698514622038,-0.06042277812957764
19,1112.06689453125,1521013.875,1233.2939126582926,-0.029185891151428223
20,1108.1295166015625,1504258.125,1226.4820116903468,-0.01784825325012207
