Actual,Predicted
4851.59,3927.1685
2150.48,3468.018
5358.92,3554.1511
3175.45,3712.8188
5247.57,3870.6997
5164.88,3735.92
2443.43,3851.968
5827.95,3636.3438
5425.23,3386.4082
3516.38,3418.8264
3258.32,3694.7417
3366.52,3482.708
2681.91,3558.0137
3498.61,3955.0483
3124.54,3475.7876
4375.72,3237.8267
2160.32,3454.3252
4789.88,3808.1519
2396.09,3462.3118
5760.8,3736.0303
5970.39,3719.6284
3381.17,3838.9807
2604.41,3492.8027
2413.17,3756.353
2884.17,3372.8696
2681.28,3605.3076
3997.67,3343.3662
3142.99,3727.1948
5538.52,3281.7358
2229.65,3708.0217
5033.77,3642.567
5236.58,3444.728
5633.65,3448.1753
3912.98,3537.3308
3009.05,3554.269
5073.96,3587.2202
5445.97,3577.2646
3740.95,3725.9
5235.26,3674.4885
4349.87,3636.0325
3882.79,3883.4229
2684.8,3673.642
2080.21,3667.6855
4251.4,3737.137
4893.41,3601.7622
2764.41,3713.0945
4422.42,3631.0083
2200.87,3720.3313
4121.77,3711.3213
4354.36,3715.6096
2858.28,3865.6636
5392.13,3425.8674
4545.73,3598.504
5867.22,3665.8416
2546.01,3825.0928
5859.3,3829.5356
4989.35,3724.856
2524.63,3878.1377
3105.07,3541.6873
5306.25,3600.783
5680.91,3577.4768
5205.04,3386.3477
5737.73,3678.0315
3457.1,3133.3452
4838.69,3406.026
2721.66,3918.9028
5025.21,3497.8774
3051.4,3375.796
3942.56,3098.6826
5878.35,3619.7578
5007.11,3805.433
2942.57,3562.3425
5732.35,3715.4873
4794.58,3639.2903
4676.14,3346.2227
