trial,round,mae,mse,rmse,r2
1,1,4098.34033203125,18274270.0,4274.841517530212,-11.365187644958496
1,2,4096.4404296875,18258630.0,4273.011818378227,-11.354604721069336
1,3,4091.30908203125,18216526.0,4268.0822391327,-11.326115608215332
1,4,4079.425048828125,18119358.0,4256.683920612382,-11.260366439819336
1,5,4056.081298828125,17929496.0,4234.323558728123,-11.131897926330566
1,6,4015.8701171875,17605178.0,4195.852475957657,-10.912449836730957
1,7,3953.10791015625,17105512.0,4135.8810427767385,-10.57435417175293
1,8,3861.830810546875,16392392.0,4048.75190645216,-10.091824531555176
1,9,3735.958740234375,15436780.0,3928.9667853011942,-9.44521427154541
1,10,3569.261962890625,14220394.0,3770.9937682260893,-8.622154235839844
1,11,3355.765380859375,12743997.0,3569.873527171516,-7.6231584548950195
1,12,3088.514404296875,11025349.0,3320.44409680392,-6.4602437019348145
1,13,2760.56982421875,9112392.0,3018.6738810278925,-5.16585111618042
1,14,2364.482177734375,7088806.5,2662.481267539736,-3.796603202819824
1,15,1900.68359375,5091777.0,2256.496620870503,-2.4453237056732178
1,16,1485.2945556640625,3325397.0,1823.5671087185137,-1.2501122951507568
1,17,1229.251953125,2057776.625,1434.495250950661,-0.3923835754394531
1,18,1121.9090576171875,1547751.625,1244.0866629781062,-0.04727792739868164
1,19,1113.8997802734375,1521789.5,1233.6083251988857,-0.029710769653320312
1,20,1113.5677490234375,1518384.375,1232.2274039315957,-0.027406692504882812
2,1,4098.34033203125,18274270.0,4274.841517530212,-11.365187644958496
2,2,4096.4404296875,18258630.0,4273.011818378227,-11.354604721069336
2,3,4091.30908203125,18216526.0,4268.0822391327,-11.326115608215332
2,4,4079.425048828125,18119358.0,4256.683920612382,-11.260366439819336
2,5,4056.081298828125,17929496.0,4234.323558728123,-11.131897926330566
2,6,4015.8701171875,17605178.0,4195.852475957657,-10.912449836730957
2,7,3953.10791015625,17105512.0,4135.8810427767385,-10.57435417175293
2,8,3861.830810546875,16392392.0,4048.75190645216,-10.091824531555176
2,9,3735.958740234375,15436780.0,3928.9667853011942,-9.44521427154541
2,10,3569.261962890625,14220394.0,3770.9937682260893,-8.622154235839844
2,11,3355.765380859375,12743997.0,3569.873527171516,-7.6231584548950195
2,12,3088.514404296875,11025349.0,3320.44409680392,-6.4602437019348145
2,13,2760.56982421875,9112392.0,3018.6738810278925,-5.16585111618042
2,14,2364.482177734375,7088806.5,2662.481267539736,-3.796603202819824
2,15,1900.68359375,5091777.0,2256.496620870503,-2.4453237056732178
2,16,1485.2945556640625,3325397.0,1823.5671087185137,-1.2501122951507568
2,17,1229.251953125,2057776.625,1434.495250950661,-0.3923835754394531
2,18,1121.9090576171875,1547751.625,1244.0866629781062,-0.04727792739868164
2,19,1113.8997802734375,1521789.5,1233.6083251988857,-0.029710769653320312
2,20,1113.5677490234375,1518384.375,1232.2274039315957,-0.027406692504882812
