trial,round,component,client,latency_ms
1,1,comm_server_to_client,1.0,0.2023999986704439
1,1,comm_server_to_client_link,1.0,137.9184
1,1,local_training,1.0,2137.9592000012053
1,1,comm_client_to_server,1.0,0.19419999443925917
1,1,comm_client_to_server_link,1.0,137.9184
1,1,comm_server_to_client,2.0,0.13640000543091446
1,1,comm_server_to_client_link,2.0,137.9184
1,1,local_training,2.0,1704.6192999987397
1,1,comm_client_to_server,2.0,0.1601999974809587
1,1,comm_client_to_server_link,2.0,137.9184
1,1,comm_server_to_client,3.0,0.07109998841769993
1,1,comm_server_to_client_link,3.0,137.9184
1,1,local_training,3.0,1678.6161999916658
1,1,comm_client_to_server,3.0,0.17749999824445695
1,1,comm_client_to_server_link,3.0,137.9184
1,1,comm_server_to_client,4.0,0.06799999391660094
1,1,comm_server_to_client_link,4.0,137.9184
1,1,local_training,4.0,1719.5345000072848
1,1,comm_client_to_server,4.0,0.14449999434873462
1,1,comm_client_to_server_link,4.0,137.9184
1,1,fedavg,,2.0034000044688582
1,1,total_round,,7252.395999996224
1,2,comm_server_to_client,1.0,0.24639999901410192
1,2,comm_server_to_client_link,1.0,137.9184
1,2,local_training,1.0,1706.7530999920564
1,2,comm_client_to_server,1.0,0.17559999832883477
1,2,comm_client_to_server_link,1.0,137.9184
1,2,comm_server_to_client,2.0,0.09789998875930905
1,2,comm_server_to_client_link,2.0,137.9184
1,2,local_training,2.0,1669.4306999997934
1,2,comm_client_to_server,2.0,0.19190000602975488
1,2,comm_client_to_server_link,2.0,137.9184
1,2,comm_server_to_client,3.0,0.10259999544359744
1,2,comm_server_to_client_link,3.0,137.9184
1,2,local_training,3.0,1685.008199987351
1,2,comm_client_to_server,3.0,0.14519999967887998
1,2,comm_client_to_server_link,3.0,137.9184
1,2,comm_server_to_client,4.0,0.06749999010935426
1,2,comm_server_to_client_link,4.0,137.9184
1,2,local_training,4.0,2076.843299990287
1,2,comm_client_to_server,4.0,0.18930000078398734
1,2,comm_client_to_server_link,4.0,137.9184
1,2,fedavg,,2.6849000132642686
1,2,total_round,,7143.016800007899
1,3,comm_server_to_client,1.0,0.1931000006152317
1,3,comm_server_to_client_link,1.0,137.9184
1,3,local_training,1.0,1858.4700000064913
1,3,comm_client_to_server,1.0,0.17630000365898013
1,3,comm_client_to_server_link,1.0,137.9184
1,3,comm_server_to_client,2.0,0.07900000491645187
1,3,comm_server_to_client_link,2.0,137.9184
1,3,local_training,2.0,1738.248300011037
1,3,comm_client_to_server,2.0,0.152900000102818
1,3,comm_client_to_server_link,2.0,137.9184
1,3,comm_server_to_client,3.0,0.07470000127796084
1,3,comm_server_to_client_link,3.0,137.9184
1,3,local_training,3.0,1652.6599999924656
1,3,comm_client_to_server,3.0,0.13129999570082873
1,3,comm_client_to_server_link,3.0,137.9184
1,3,comm_server_to_client,4.0,0.06740000389982015
1,3,comm_server_to_client_link,4.0,137.9184
1,3,local_training,4.0,1635.9019999945303
1,3,comm_client_to_server,4.0,0.13110000872984529
1,3,comm_client_to_server_link,4.0,137.9184
1,3,fedavg,,1.393300000927411
1,3,total_round,,6889.155899989419
1,4,comm_server_to_client,1.0,0.11239999730605632
1,4,comm_server_to_client_link,1.0,137.9184
1,4,local_training,1.0,1862.5846999930218
1,4,comm_client_to_server,1.0,0.15430001076310873
1,4,comm_client_to_server_link,1.0,137.9184
1,4,comm_server_to_client,2.0,0.1286000042455271
1,4,comm_server_to_client_link,2.0,137.9184
1,4,local_training,2.0,1736.9135999906575
1,4,comm_client_to_server,2.0,0.13460000627674162
1,4,comm_client_to_server_link,2.0,137.9184
1,4,comm_server_to_client,3.0,0.07589999586343765
1,4,comm_server_to_client_link,3.0,137.9184
1,4,local_training,3.0,1800.3428999945754
1,4,comm_client_to_server,3.0,0.13349999790079892
1,4,comm_client_to_server_link,3.0,137.9184
1,4,comm_server_to_client,4.0,0.0737999944249168
1,4,comm_server_to_client_link,4.0,137.9184
1,4,local_training,4.0,1641.0507999971742
1,4,comm_client_to_server,4.0,0.1903000083984807
1,4,comm_client_to_server_link,4.0,137.9184
1,4,fedavg,,2.2308000043267384
1,4,total_round,,7045.06579998997
1,5,comm_server_to_client,1.0,0.12589999823831022
1,5,comm_server_to_client_link,1.0,137.9184
1,5,local_training,1.0,1679.679799999576
1,5,comm_client_to_server,1.0,0.13429998944047838
1,5,comm_client_to_server_link,1.0,137.9184
1,5,comm_server_to_client,2.0,0.1002000062726438
1,5,comm_server_to_client_link,2.0,137.9184
1,5,local_training,2.0,1653.7670999969123
1,5,comm_client_to_server,2.0,0.15969999367371202
1,5,comm_client_to_server_link,2.0,137.9184
1,5,comm_server_to_client,3.0,0.10119999933522195
1,5,comm_server_to_client_link,3.0,137.9184
1,5,local_training,3.0,1660.8319000079064
1,5,comm_client_to_server,3.0,0.1525000116089359
1,5,comm_client_to_server_link,3.0,137.9184
1,5,comm_server_to_client,4.0,0.09710001177154481
1,5,comm_server_to_client_link,4.0,137.9184
1,5,local_training,4.0,1736.9112000014866
1,5,comm_client_to_server,4.0,0.14689999807160348
1,5,comm_client_to_server_link,4.0,137.9184
1,5,fedavg,,1.3084000092931092
1,5,total_round,,6734.470099996543
1,6,comm_server_to_client,1.0,0.19920000340789557
1,6,comm_server_to_client_link,1.0,137.9184
1,6,local_training,1.0,1747.4247999925865
1,6,comm_client_to_server,1.0,0.15159999020397663
1,6,comm_client_to_server_link,1.0,137.9184
1,6,comm_server_to_client,2.0,0.0805000017862767
1,6,comm_server_to_client_link,2.0,137.9184
1,6,local_training,2.0,2126.19030001224
1,6,comm_client_to_server,2.0,0.2089000045089051
1,6,comm_client_to_server_link,2.0,137.9184
1,6,comm_server_to_client,3.0,0.1176999940071255
1,6,comm_server_to_client_link,3.0,137.9184
1,6,local_training,3.0,1770.9453999996185
1,6,comm_client_to_server,3.0,0.17159999697469175
1,6,comm_client_to_server_link,3.0,137.9184
1,6,comm_server_to_client,4.0,0.07399999594781548
1,6,comm_server_to_client_link,4.0,137.9184
1,6,local_training,4.0,2135.462499994901
1,6,comm_client_to_server,4.0,0.12409999908413738
1,6,comm_client_to_server_link,4.0,137.9184
1,6,fedavg,,1.2876999971922487
1,6,total_round,,7783.581399999093
1,7,comm_server_to_client,1.0,0.12430000060703605
1,7,comm_server_to_client_link,1.0,137.9184
1,7,local_training,1.0,2972.3094000073615
1,7,comm_client_to_server,1.0,0.16670000331941992
1,7,comm_client_to_server_link,1.0,137.9184
1,7,comm_server_to_client,2.0,0.08069998875726014
1,7,comm_server_to_client_link,2.0,137.9184
1,7,local_training,2.0,3744.7944000014104
1,7,comm_client_to_server,2.0,0.3859999997075647
1,7,comm_client_to_server_link,2.0,137.9184
1,7,comm_server_to_client,3.0,0.24880000273697078
1,7,comm_server_to_client_link,3.0,137.9184
1,7,local_training,3.0,6524.039500000072
1,7,comm_client_to_server,3.0,0.5435000057332218
1,7,comm_client_to_server_link,3.0,137.9184
1,7,comm_server_to_client,4.0,0.4417000018293038
1,7,comm_server_to_client_link,4.0,137.9184
1,7,local_training,4.0,7292.364800014184
1,7,comm_client_to_server,4.0,0.8526000019628555
1,7,comm_client_to_server_link,4.0,137.9184
1,7,fedavg,,10.429799993289635
1,7,total_round,,20548.069299999042
1,8,comm_server_to_client,1.0,0.797400003648363
1,8,comm_server_to_client_link,1.0,137.9184
1,8,local_training,1.0,6785.238600001321
1,8,comm_client_to_server,1.0,0.36049999471288174
1,8,comm_client_to_server_link,1.0,137.9184
1,8,comm_server_to_client,2.0,0.22009998792782426
1,8,comm_server_to_client_link,2.0,137.9184
1,8,local_training,2.0,6210.297999990871
1,8,comm_client_to_server,2.0,0.5832999886479229
1,8,comm_client_to_server_link,2.0,137.9184
1,8,comm_server_to_client,3.0,0.20360000780783594
1,8,comm_server_to_client_link,3.0,137.9184
1,8,local_training,3.0,5779.803799989168
1,8,comm_client_to_server,3.0,0.4107999993721023
1,8,comm_client_to_server_link,3.0,137.9184
1,8,comm_server_to_client,4.0,0.46019999717827886
1,8,comm_server_to_client_link,4.0,137.9184
1,8,local_training,4.0,5347.97719999915
1,8,comm_client_to_server,4.0,0.30849999166093767
1,8,comm_client_to_server_link,4.0,137.9184
1,8,fedavg,,3.5355999862076715
1,8,total_round,,24138.144700002158
1,9,comm_server_to_client,1.0,0.2921999985119328
1,9,comm_server_to_client_link,1.0,137.9184
1,9,local_training,1.0,5765.088999993168
1,9,comm_client_to_server,1.0,0.36360000376589596
1,9,comm_client_to_server_link,1.0,137.9184
1,9,comm_server_to_client,2.0,0.1613000058569014
1,9,comm_server_to_client_link,2.0,137.9184
1,9,local_training,2.0,5502.630599992699
1,9,comm_client_to_server,2.0,0.2825999981723726
1,9,comm_client_to_server_link,2.0,137.9184
1,9,comm_server_to_client,3.0,0.15940000594127923
1,9,comm_server_to_client_link,3.0,137.9184
1,9,local_training,3.0,5059.7592999984045
1,9,comm_client_to_server,3.0,0.31430000672116876
1,9,comm_client_to_server_link,3.0,137.9184
1,9,comm_server_to_client,4.0,0.18170000112149864
1,9,comm_server_to_client_link,4.0,137.9184
1,9,local_training,4.0,6267.062799990526
1,9,comm_client_to_server,4.0,0.30610000248998404
1,9,comm_client_to_server_link,4.0,137.9184
1,9,fedavg,,3.929500002413988
1,9,total_round,,22602.861499995925
1,10,comm_server_to_client,1.0,0.29180001001805067
1,10,comm_server_to_client_link,1.0,137.9184
1,10,local_training,1.0,5888.689300001715
1,10,comm_client_to_server,1.0,0.4697999975178391
1,10,comm_client_to_server_link,1.0,137.9184
1,10,comm_server_to_client,2.0,0.3200000064680353
1,10,comm_server_to_client_link,2.0,137.9184
1,10,local_training,2.0,5339.507400000002
1,10,comm_client_to_server,2.0,0.38529999437741935
1,10,comm_client_to_server_link,2.0,137.9184
1,10,comm_server_to_client,3.0,0.231999991228804
1,10,comm_server_to_client_link,3.0,137.9184
1,10,local_training,3.0,5968.734599999152
1,10,comm_client_to_server,3.0,0.6311000033747405
1,10,comm_client_to_server_link,3.0,137.9184
1,10,comm_server_to_client,4.0,0.4000000044470653
1,10,comm_server_to_client_link,4.0,137.9184
1,10,local_training,4.0,5068.215099992813
1,10,comm_client_to_server,4.0,0.7331999950110912
1,10,comm_client_to_server_link,4.0,137.9184
1,10,fedavg,,4.36479999916628
1,10,total_round,,22275.872600002913
1,11,comm_server_to_client,1.0,0.3674999898066744
1,11,comm_server_to_client_link,1.0,137.9184
1,11,local_training,1.0,5304.769499998656
1,11,comm_client_to_server,1.0,0.30309999419841915
1,11,comm_client_to_server_link,1.0,137.9184
1,11,comm_server_to_client,2.0,0.1875000016298145
1,11,comm_server_to_client_link,2.0,137.9184
1,11,local_training,2.0,5552.663299997221
1,11,comm_client_to_server,2.0,0.7213000062620267
1,11,comm_client_to_server_link,2.0,137.9184
1,11,comm_server_to_client,3.0,0.4999999946448952
1,11,comm_server_to_client_link,3.0,137.9184
1,11,local_training,3.0,4594.912100001238
1,11,comm_client_to_server,3.0,0.16589999722782522
1,11,comm_client_to_server_link,3.0,137.9184
1,11,comm_server_to_client,4.0,0.09099999442696571
1,11,comm_server_to_client_link,4.0,137.9184
1,11,local_training,4.0,1892.9855000023963
1,11,comm_client_to_server,4.0,0.2082999999402091
1,11,comm_client_to_server_link,4.0,137.9184
1,11,fedavg,,2.539899986004457
1,11,total_round,,17352.83730000083
1,12,comm_server_to_client,1.0,0.142400007462129
1,12,comm_server_to_client_link,1.0,137.9184
1,12,local_training,1.0,1734.5066999987466
1,12,comm_client_to_server,1.0,0.13589998707175255
1,12,comm_client_to_server_link,1.0,137.9184
1,12,comm_server_to_client,2.0,0.06830001075286418
1,12,comm_server_to_client_link,2.0,137.9184
1,12,local_training,2.0,1432.9014000104507
1,12,comm_client_to_server,2.0,0.13099999341648072
1,12,comm_client_to_server_link,2.0,137.9184
1,12,comm_server_to_client,3.0,0.06630001007579267
1,12,comm_server_to_client_link,3.0,137.9184
1,12,local_training,3.0,1486.155599995982
1,12,comm_client_to_server,3.0,0.1252999936696142
1,12,comm_client_to_server_link,3.0,137.9184
1,12,comm_server_to_client,4.0,0.06089999806135893
1,12,comm_server_to_client_link,4.0,137.9184
1,12,local_training,4.0,1432.5820000085514
1,12,comm_client_to_server,4.0,0.12799999967683107
1,12,comm_client_to_server_link,4.0,137.9184
1,12,fedavg,,1.4860000082990155
1,12,total_round,,6089.296400008607
1,13,comm_server_to_client,1.0,0.14819999341852963
1,13,comm_server_to_client_link,1.0,137.9184
1,13,local_training,1.0,1859.3279999913648
1,13,comm_client_to_server,1.0,0.22760000138077885
1,13,comm_client_to_server_link,1.0,137.9184
1,13,comm_server_to_client,2.0,0.11809999705292284
1,13,comm_server_to_client_link,2.0,137.9184
1,13,local_training,2.0,1906.205499995849
1,13,comm_client_to_server,2.0,0.14400000509340316
1,13,comm_client_to_server_link,2.0,137.9184
1,13,comm_server_to_client,3.0,0.07589999586343765
1,13,comm_server_to_client_link,3.0,137.9184
1,13,local_training,3.0,1602.4661999981618
1,13,comm_client_to_server,3.0,0.11999999696854502
1,13,comm_client_to_server_link,3.0,137.9184
1,13,comm_server_to_client,4.0,0.0619000056758523
1,13,comm_server_to_client_link,4.0,137.9184
1,13,local_training,4.0,1350.2631999872392
1,13,comm_client_to_server,4.0,0.1753999968059361
1,13,comm_client_to_server_link,4.0,137.9184
1,13,fedavg,,2.9707000066991895
1,13,total_round,,6723.299900011625
1,14,comm_server_to_client,1.0,0.13930001296103
1,14,comm_server_to_client_link,1.0,137.9184
1,14,local_training,1.0,1385.2159999951255
1,14,comm_client_to_server,1.0,0.11600001016631722
1,14,comm_client_to_server_link,1.0,137.9184
1,14,comm_server_to_client,2.0,0.06059999577701092
1,14,comm_server_to_client_link,2.0,137.9184
1,14,local_training,2.0,1620.8397000009427
1,14,comm_client_to_server,2.0,0.12749999586958438
1,14,comm_client_to_server_link,2.0,137.9184
1,14,comm_server_to_client,3.0,0.0644000101601705
1,14,comm_server_to_client_link,3.0,137.9184
1,14,local_training,3.0,1347.6711999974214
1,14,comm_client_to_server,3.0,0.1357000001007691
1,14,comm_client_to_server_link,3.0,137.9184
1,14,comm_server_to_client,4.0,0.06770000618416816
1,14,comm_server_to_client_link,4.0,137.9184
1,14,local_training,4.0,1502.2678000095766
1,14,comm_client_to_server,4.0,0.12309999146964401
1,14,comm_client_to_server_link,4.0,137.9184
1,14,fedavg,,1.276099996175617
1,14,total_round,,5859.1100000048755
1,15,comm_server_to_client,1.0,0.1137000072048977
1,15,comm_server_to_client_link,1.0,137.9184
1,15,local_training,1.0,1505.480699997861
1,15,comm_client_to_server,1.0,0.1201999984914437
1,15,comm_client_to_server_link,1.0,137.9184
1,15,comm_server_to_client,2.0,0.06260001100599766
1,15,comm_server_to_client_link,2.0,137.9184
1,15,local_training,2.0,1402.9539000039222
1,15,comm_client_to_server,2.0,0.1238999975612387
1,15,comm_client_to_server_link,2.0,137.9184
1,15,comm_server_to_client,3.0,0.06590000702999532
1,15,comm_server_to_client_link,3.0,137.9184
1,15,local_training,3.0,1481.5374000027077
1,15,comm_client_to_server,3.0,0.15209999401122332
1,15,comm_client_to_server_link,3.0,137.9184
1,15,comm_server_to_client,4.0,0.09500001033302397
1,15,comm_server_to_client_link,4.0,137.9184
1,15,local_training,4.0,2894.7872999997344
1,15,comm_client_to_server,4.0,0.17020000086631626
1,15,comm_client_to_server_link,4.0,137.9184
1,15,fedavg,,1.6527999978279695
1,15,total_round,,7288.292800003546
1,16,comm_server_to_client,1.0,0.1328999933321029
1,16,comm_server_to_client_link,1.0,137.9184
1,16,local_training,1.0,1553.7141999957385
1,16,comm_client_to_server,1.0,0.13479999324772507
1,16,comm_client_to_server_link,1.0,137.9184
1,16,comm_server_to_client,2.0,0.08080000407062471
1,16,comm_server_to_client_link,2.0,137.9184
1,16,local_training,2.0,1526.5348999964772
1,16,comm_client_to_server,2.0,0.1478000049246475
1,16,comm_client_to_server_link,2.0,137.9184
1,16,comm_server_to_client,3.0,0.08060000254772604
1,16,comm_server_to_client_link,3.0,137.9184
1,16,local_training,3.0,1665.273899998283
1,16,comm_client_to_server,3.0,0.1537000061944127
1,16,comm_client_to_server_link,3.0,137.9184
1,16,comm_server_to_client,4.0,0.0822000001790002
1,16,comm_server_to_client_link,4.0,137.9184
1,16,local_training,4.0,2841.4644000004046
1,16,comm_client_to_server,4.0,0.11379999341443181
1,16,comm_client_to_server_link,4.0,137.9184
1,16,fedavg,,1.2900000001536682
1,16,total_round,,7589.989599990076
1,17,comm_server_to_client,1.0,0.10220000694971532
1,17,comm_server_to_client_link,1.0,137.9184
1,17,local_training,1.0,1715.5252000084147
1,17,comm_client_to_server,1.0,0.16290000348817557
1,17,comm_client_to_server_link,1.0,137.9184
1,17,comm_server_to_client,2.0,0.10740000288933516
1,17,comm_server_to_client_link,2.0,137.9184
1,17,local_training,2.0,1582.5588000006974
1,17,comm_client_to_server,2.0,0.15300000086426735
1,17,comm_client_to_server_link,2.0,137.9184
1,17,comm_server_to_client,3.0,0.08189999789465219
1,17,comm_server_to_client_link,3.0,137.9184
1,17,local_training,3.0,1556.0589999950025
1,17,comm_client_to_server,3.0,0.22149999858811498
1,17,comm_client_to_server_link,3.0,137.9184
1,17,comm_server_to_client,4.0,0.1416999875800684
1,17,comm_server_to_client_link,4.0,137.9184
1,17,local_training,4.0,1566.4460999978473
1,17,comm_client_to_server,4.0,0.12120000610593706
1,17,comm_client_to_server_link,4.0,137.9184
1,17,fedavg,,1.5256999904522672
1,17,total_round,,6424.1320000001
1,18,comm_server_to_client,1.0,0.11680000170599669
1,18,comm_server_to_client_link,1.0,137.9184
1,18,local_training,1.0,1409.0472999960184
1,18,comm_client_to_server,1.0,0.11890000314451754
1,18,comm_client_to_server_link,1.0,137.9184
1,18,comm_server_to_client,2.0,0.06019999273121357
1,18,comm_server_to_client_link,2.0,137.9184
1,18,local_training,2.0,1656.6905999934534
1,18,comm_client_to_server,2.0,0.13639999087899923
1,18,comm_client_to_server_link,2.0,137.9184
1,18,comm_server_to_client,3.0,0.07270000060088933
1,18,comm_server_to_client_link,3.0,137.9184
1,18,local_training,3.0,2844.858899989049
1,18,comm_client_to_server,3.0,0.13679999392479658
1,18,comm_client_to_server_link,3.0,137.9184
1,18,comm_server_to_client,4.0,0.07109998841769993
1,18,comm_server_to_client_link,4.0,137.9184
1,18,local_training,4.0,2896.4296000049217
1,18,comm_client_to_server,4.0,0.14050000754650682
1,18,comm_client_to_server_link,4.0,137.9184
1,18,fedavg,,1.7329999973298982
1,18,total_round,,8810.429100005422
1,19,comm_server_to_client,1.0,0.215300009585917
1,19,comm_server_to_client_link,1.0,137.9184
1,19,local_training,1.0,1578.4327000001213
1,19,comm_client_to_server,1.0,0.1373999984934926
1,19,comm_client_to_server_link,1.0,137.9184
1,19,comm_server_to_client,2.0,0.06900000153109431
1,19,comm_server_to_client_link,2.0,137.9184
1,19,local_training,2.0,1496.4671000052476
1,19,comm_client_to_server,2.0,0.13840000610798597
1,19,comm_client_to_server_link,2.0,137.9184
1,19,comm_server_to_client,3.0,0.07779999577905983
1,19,comm_server_to_client_link,3.0,137.9184
1,19,local_training,3.0,1518.6852999904659
1,19,comm_client_to_server,3.0,0.13469999248627573
1,19,comm_client_to_server_link,3.0,137.9184
1,19,comm_server_to_client,4.0,0.0712000037310645
1,19,comm_server_to_client_link,4.0,137.9184
1,19,local_training,4.0,2826.9479000009596
1,19,comm_client_to_server,4.0,0.14119999832473695
1,19,comm_client_to_server_link,4.0,137.9184
1,19,fedavg,,1.3593000039691105
1,19,total_round,,7424.3398000107845
1,20,comm_server_to_client,1.0,0.14009998994879425
1,20,comm_server_to_client_link,1.0,137.9184
1,20,local_training,1.0,1821.5533000038704
1,20,comm_client_to_server,1.0,0.13980000221636146
1,20,comm_client_to_server_link,1.0,137.9184
1,20,comm_server_to_client,2.0,0.07480000203941017
1,20,comm_server_to_client_link,2.0,137.9184
1,20,local_training,2.0,1679.9483000067994
1,20,comm_client_to_server,2.0,0.19619999511633068
1,20,comm_client_to_server_link,2.0,137.9184
1,20,comm_server_to_client,3.0,0.11340000492054969
1,20,comm_server_to_client_link,3.0,137.9184
1,20,local_training,3.0,1640.2913999918383
1,20,comm_client_to_server,3.0,0.15249999705702066
1,20,comm_client_to_server_link,3.0,137.9184
1,20,comm_server_to_client,4.0,0.079699995694682
1,20,comm_server_to_client_link,4.0,137.9184
1,20,local_training,4.0,1650.0575999962166
1,20,comm_client_to_server,4.0,0.14059999375604093
1,20,comm_client_to_server_link,4.0,137.9184
1,20,fedavg,,1.4713999989908189
1,20,total_round,,6795.3131000103895
2,1,comm_server_to_client,1.0,0.4524000105448067
2,1,comm_server_to_client_link,1.0,137.9184
2,1,local_training,1.0,1682.5791000010213
2,1,comm_client_to_server,1.0,0.2750999992713332
2,1,comm_client_to_server_link,1.0,137.9184
2,1,comm_server_to_client,2.0,0.16929999401327223
2,1,comm_server_to_client_link,2.0,137.9184
2,1,local_training,2.0,1618.4156999952393
2,1,comm_client_to_server,2.0,0.19400000746827573
2,1,comm_client_to_server_link,2.0,137.9184
2,1,comm_server_to_client,3.0,0.09620000491850078
2,1,comm_server_to_client_link,3.0,137.9184
2,1,local_training,3.0,1613.6322999955155
2,1,comm_client_to_server,3.0,0.25969999842345715
2,1,comm_client_to_server_link,3.0,137.9184
2,1,comm_server_to_client,4.0,0.13719999697059393
2,1,comm_server_to_client_link,4.0,137.9184
2,1,local_training,4.0,1517.4207999953069
2,1,comm_client_to_server,4.0,0.2199000009568408
2,1,comm_client_to_server_link,4.0,137.9184
2,1,fedavg,,1.8948999932035804
2,1,total_round,,6446.197700002813
2,2,comm_server_to_client,1.0,0.19799999427050352
2,2,comm_server_to_client_link,1.0,137.9184
2,2,local_training,1.0,1589.2107999970904
2,2,comm_client_to_server,1.0,0.2832000027410686
2,2,comm_client_to_server_link,1.0,137.9184
2,2,comm_server_to_client,2.0,0.14590000500902534
2,2,comm_server_to_client_link,2.0,137.9184
2,2,local_training,2.0,1627.2162000095705
2,2,comm_client_to_server,2.0,0.17420000222045928
2,2,comm_client_to_server_link,2.0,137.9184
2,2,comm_server_to_client,3.0,0.08120000711642206
2,2,comm_server_to_client_link,3.0,137.9184
2,2,local_training,3.0,2907.1523000020534
2,2,comm_client_to_server,3.0,0.2893000055337325
2,2,comm_client_to_server_link,3.0,137.9184
2,2,comm_server_to_client,4.0,0.13749999925494194
2,2,comm_server_to_client_link,4.0,137.9184
2,2,local_training,4.0,1752.9386000096565
2,2,comm_client_to_server,4.0,0.21189999824855477
2,2,comm_client_to_server_link,4.0,137.9184
2,2,fedavg,,1.401000001351349
2,2,total_round,,7880.863600003067
2,3,comm_server_to_client,1.0,0.25779999850783497
2,3,comm_server_to_client_link,1.0,137.9184
2,3,local_training,1.0,1575.2612999931443
2,3,comm_client_to_server,1.0,0.27800000680144876
2,3,comm_client_to_server_link,1.0,137.9184
2,3,comm_server_to_client,2.0,0.13550001312978566
2,3,comm_server_to_client_link,2.0,137.9184
2,3,local_training,2.0,1474.4146000011824
2,3,comm_client_to_server,2.0,0.21690000721719116
2,3,comm_client_to_server_link,2.0,137.9184
2,3,comm_server_to_client,3.0,0.10039999324362725
2,3,comm_server_to_client_link,3.0,137.9184
2,3,local_training,3.0,1572.5870999885956
2,3,comm_client_to_server,3.0,0.23389999114442617
2,3,comm_client_to_server_link,3.0,137.9184
2,3,comm_server_to_client,4.0,0.13269999180920422
2,3,comm_server_to_client_link,4.0,137.9184
2,3,local_training,4.0,1414.3429999967339
2,3,comm_client_to_server,4.0,0.1832999987527728
2,3,comm_client_to_server_link,4.0,137.9184
2,3,fedavg,,1.4301000046543777
2,3,total_round,,6041.295999995782
2,4,comm_server_to_client,1.0,0.24059999850578606
2,4,comm_server_to_client_link,1.0,137.9184
2,4,local_training,1.0,2857.20919999585
2,4,comm_client_to_server,1.0,0.22089999401941895
2,4,comm_client_to_server_link,1.0,137.9184
2,4,comm_server_to_client,2.0,0.09289999434258789
2,4,comm_server_to_client_link,2.0,137.9184
2,4,local_training,2.0,1616.5356999990763
2,4,comm_client_to_server,2.0,0.19690000044647604
2,4,comm_client_to_server_link,2.0,137.9184
2,4,comm_server_to_client,3.0,0.08250000246334821
2,4,comm_server_to_client_link,3.0,137.9184
2,4,local_training,3.0,1550.119999999879
2,4,comm_client_to_server,3.0,0.2275000006193295
2,4,comm_client_to_server_link,3.0,137.9184
2,4,comm_server_to_client,4.0,0.12789999891538173
2,4,comm_server_to_client_link,4.0,137.9184
2,4,local_training,4.0,2837.2406999988016
2,4,comm_client_to_server,4.0,0.18790000467561185
2,4,comm_client_to_server_link,4.0,137.9184
2,4,fedavg,,1.2247999984538183
2,4,total_round,,8864.864799994393
2,5,comm_server_to_client,1.0,0.18909999926108867
2,5,comm_server_to_client_link,1.0,137.9184
2,5,local_training,1.0,1513.789500007988
2,5,comm_client_to_server,1.0,0.17789998673833907
2,5,comm_client_to_server_link,1.0,137.9184
2,5,comm_server_to_client,2.0,0.07439999899361283
2,5,comm_server_to_client_link,2.0,137.9184
2,5,local_training,2.0,1543.8209000130882
2,5,comm_client_to_server,2.0,0.1973000034922734
2,5,comm_client_to_server_link,2.0,137.9184
2,5,comm_server_to_client,3.0,0.08399999933317304
2,5,comm_server_to_client_link,3.0,137.9184
2,5,local_training,3.0,2878.472900003544
2,5,comm_client_to_server,3.0,0.19629999587778002
2,5,comm_client_to_server_link,3.0,137.9184
2,5,comm_server_to_client,4.0,0.08650000381749123
2,5,comm_server_to_client_link,4.0,137.9184
2,5,local_training,4.0,1520.0089999998454
2,5,comm_client_to_server,4.0,0.23879999935161322
2,5,comm_client_to_server_link,4.0,137.9184
2,5,fedavg,,1.8623999931151047
2,5,total_round,,7460.143999996944
2,6,comm_server_to_client,1.0,0.20339999173302203
2,6,comm_server_to_client_link,1.0,137.9184
2,6,local_training,1.0,1504.7246999893105
2,6,comm_client_to_server,1.0,0.19199999223928899
2,6,comm_client_to_server_link,1.0,137.9184
2,6,comm_server_to_client,2.0,0.08140000863932073
2,6,comm_server_to_client_link,2.0,137.9184
2,6,local_training,2.0,2859.41200000525
2,6,comm_client_to_server,2.0,0.17719999596010894
2,6,comm_client_to_server_link,2.0,137.9184
2,6,comm_server_to_client,3.0,0.0768999889260158
2,6,comm_server_to_client_link,3.0,137.9184
2,6,local_training,3.0,2013.9231000066502
2,6,comm_client_to_server,3.0,0.2535999956307933
2,6,comm_client_to_server_link,3.0,137.9184
2,6,comm_server_to_client,4.0,0.12530000822152942
2,6,comm_server_to_client_link,4.0,137.9184
2,6,local_training,4.0,2980.0274000008358
2,6,comm_client_to_server,4.0,0.24110000231303275
2,6,comm_client_to_server_link,4.0,137.9184
2,6,fedavg,,1.8357000080868602
2,6,total_round,,9362.195800000336
2,7,comm_server_to_client,1.0,0.31850000959821045
2,7,comm_server_to_client_link,1.0,137.9184
2,7,local_training,1.0,3029.6011000027647
2,7,comm_client_to_server,1.0,0.33850000181701034
2,7,comm_client_to_server_link,1.0,137.9184
2,7,comm_server_to_client,2.0,0.14829999417997897
2,7,comm_server_to_client_link,2.0,137.9184
2,7,local_training,2.0,1591.897099991911
2,7,comm_client_to_server,2.0,0.2663000050233677
2,7,comm_client_to_server_link,2.0,137.9184
2,7,comm_server_to_client,3.0,0.12179999612271786
2,7,comm_server_to_client_link,3.0,137.9184
2,7,local_training,3.0,1599.635299993679
2,7,comm_client_to_server,3.0,0.18229999113827944
2,7,comm_client_to_server_link,3.0,137.9184
2,7,comm_server_to_client,4.0,0.07819999882485718
2,7,comm_server_to_client_link,4.0,137.9184
2,7,local_training,4.0,1500.3154999867547
2,7,comm_client_to_server,4.0,0.2435000060359016
2,7,comm_client_to_server_link,4.0,137.9184
2,7,fedavg,,1.840600001742132
2,7,total_round,,7726.658200001111
2,8,comm_server_to_client,1.0,0.18810000619851053
2,8,comm_server_to_client_link,1.0,137.9184
2,8,local_training,1.0,2174.623700004304
2,8,comm_client_to_server,1.0,0.19150000298395753
2,8,comm_client_to_server_link,1.0,137.9184
2,8,comm_server_to_client,2.0,0.08940001134760678
2,8,comm_server_to_client_link,2.0,137.9184
2,8,local_training,2.0,2825.4659000085667
2,8,comm_client_to_server,2.0,0.24569999368395656
2,8,comm_client_to_server_link,2.0,137.9184
2,8,comm_server_to_client,3.0,0.14089999604038894
2,8,comm_server_to_client_link,3.0,137.9184
2,8,local_training,3.0,2237.5658999953885
2,8,comm_client_to_server,3.0,0.3195999888703227
2,8,comm_client_to_server_link,3.0,137.9184
2,8,comm_server_to_client,4.0,0.18760000239126384
2,8,comm_server_to_client_link,4.0,137.9184
2,8,local_training,4.0,1986.8104000051972
2,8,comm_client_to_server,4.0,0.21980000019539148
2,8,comm_client_to_server_link,4.0,137.9184
2,8,fedavg,,1.7208999925060198
2,8,total_round,,9228.86039999139
2,9,comm_server_to_client,1.0,0.30720001086592674
2,9,comm_server_to_client_link,1.0,137.9184
2,9,local_training,1.0,2091.7895000020508
2,9,comm_client_to_server,1.0,0.1897000038297847
2,9,comm_client_to_server_link,1.0,137.9184
2,9,comm_server_to_client,2.0,0.07819999882485718
2,9,comm_server_to_client_link,2.0,137.9184
2,9,local_training,2.0,2197.284599998966
2,9,comm_client_to_server,2.0,0.2758000046014786
2,9,comm_client_to_server_link,2.0,137.9184
2,9,comm_server_to_client,3.0,0.12079998850822449
2,9,comm_server_to_client_link,3.0,137.9184
2,9,local_training,3.0,2141.516200004844
2,9,comm_client_to_server,3.0,0.3240000078221783
2,9,comm_client_to_server_link,3.0,137.9184
2,9,comm_server_to_client,4.0,0.17519999528303742
2,9,comm_server_to_client_link,4.0,137.9184
2,9,local_training,4.0,2246.1012999992818
2,9,comm_client_to_server,4.0,0.19289999909233302
2,9,comm_client_to_server_link,4.0,137.9184
2,9,fedavg,,1.2728000001516193
2,9,total_round,,8680.92080000497
2,10,comm_server_to_client,1.0,0.3583000070648268
2,10,comm_server_to_client_link,1.0,137.9184
2,10,local_training,1.0,2084.398199993302
2,10,comm_client_to_server,1.0,0.18110001110471785
2,10,comm_client_to_server_link,1.0,137.9184
2,10,comm_server_to_client,2.0,0.07480000203941017
2,10,comm_server_to_client_link,2.0,137.9184
2,10,local_training,2.0,1532.71680000762
2,10,comm_client_to_server,2.0,0.17640000442042947
2,10,comm_client_to_server_link,2.0,137.9184
2,10,comm_server_to_client,3.0,0.07360000745393336
2,10,comm_server_to_client_link,3.0,137.9184
2,10,local_training,3.0,1427.0664000068791
2,10,comm_client_to_server,3.0,0.15700000221841037
2,10,comm_client_to_server_link,3.0,137.9184
2,10,comm_server_to_client,4.0,0.06919998850207776
2,10,comm_server_to_client_link,4.0,137.9184
2,10,local_training,4.0,1439.9734000035096
2,10,comm_client_to_server,4.0,0.14849999570287764
2,10,comm_client_to_server_link,4.0,137.9184
2,10,fedavg,,1.2046000047121197
2,10,total_round,,6487.887099996442
2,11,comm_server_to_client,1.0,0.15300000086426735
2,11,comm_server_to_client_link,1.0,137.9184
2,11,local_training,1.0,2112.822999988566
2,11,comm_client_to_server,1.0,0.20559999393299222
2,11,comm_client_to_server_link,1.0,137.9184
2,11,comm_server_to_client,2.0,0.14269999519456178
2,11,comm_server_to_client_link,2.0,137.9184
2,11,local_training,2.0,1833.5834999888903
2,11,comm_client_to_server,2.0,0.19360000442247838
2,11,comm_client_to_server_link,2.0,137.9184
2,11,comm_server_to_client,3.0,0.09719999798107892
2,11,comm_server_to_client_link,3.0,137.9184
2,11,local_training,3.0,1702.7338000043528
2,11,comm_client_to_server,3.0,0.7705000025453046
2,11,comm_client_to_server_link,3.0,137.9184
2,11,comm_server_to_client,4.0,0.0906000059330836
2,11,comm_server_to_client_link,4.0,137.9184
2,11,local_training,4.0,1763.5133000003407
2,11,comm_client_to_server,4.0,0.23550000332761556
2,11,comm_client_to_server_link,4.0,137.9184
2,11,fedavg,,2.1409000037238
2,11,total_round,,7417.679099991801
2,12,comm_server_to_client,1.0,0.17490000755060464
2,12,comm_server_to_client_link,1.0,137.9184
2,12,local_training,1.0,1996.8624000030104
2,12,comm_client_to_server,1.0,0.20740000763908029
2,12,comm_client_to_server_link,1.0,137.9184
2,12,comm_server_to_client,2.0,0.0737999944249168
2,12,comm_server_to_client_link,2.0,137.9184
2,12,local_training,2.0,2196.3235000002896
2,12,comm_client_to_server,2.0,0.1677999971434474
2,12,comm_client_to_server_link,2.0,137.9184
2,12,comm_server_to_client,3.0,0.07429999823216349
2,12,comm_server_to_client_link,3.0,137.9184
2,12,local_training,3.0,2226.6734000004362
2,12,comm_client_to_server,3.0,0.28140000358689576
2,12,comm_client_to_server_link,3.0,137.9184
2,12,comm_server_to_client,4.0,0.2793000021483749
2,12,comm_server_to_client_link,4.0,137.9184
2,12,local_training,4.0,1939.9290000001201
2,12,comm_client_to_server,4.0,0.1897000038297847
2,12,comm_client_to_server_link,4.0,137.9184
2,12,fedavg,,1.8727999995462596
2,12,total_round,,8364.16409999947
2,13,comm_server_to_client,1.0,0.1576999929966405
2,13,comm_server_to_client_link,1.0,137.9184
2,13,local_training,1.0,2088.906999997562
2,13,comm_client_to_server,1.0,0.21180001203902066
2,13,comm_client_to_server_link,1.0,137.9184
2,13,comm_server_to_client,2.0,0.10280001151841134
2,13,comm_server_to_client_link,2.0,137.9184
2,13,local_training,2.0,1860.3713999909814
2,13,comm_client_to_server,2.0,0.16199999663513154
2,13,comm_client_to_server_link,2.0,137.9184
2,13,comm_server_to_client,3.0,0.06859999848529696
2,13,comm_server_to_client_link,3.0,137.9184
2,13,local_training,3.0,1911.480599999777
2,13,comm_client_to_server,3.0,0.21220000053290278
2,13,comm_client_to_server_link,3.0,137.9184
2,13,comm_server_to_client,4.0,0.12669998977798969
2,13,comm_server_to_client_link,4.0,137.9184
2,13,local_training,4.0,2098.196899998584
2,13,comm_client_to_server,4.0,0.20680000307038426
2,13,comm_client_to_server_link,4.0,137.9184
2,13,fedavg,,1.9661999976960942
2,13,total_round,,7963.056199994753
2,14,comm_server_to_client,1.0,0.16539999342057854
2,14,comm_server_to_client_link,1.0,137.9184
2,14,local_training,1.0,2601.1597999895457
2,14,comm_client_to_server,1.0,0.2965000021504238
2,14,comm_client_to_server_link,1.0,137.9184
2,14,comm_server_to_client,2.0,0.15350000467151403
2,14,comm_server_to_client_link,2.0,137.9184
2,14,local_training,2.0,1910.4226999916136
2,14,comm_client_to_server,2.0,0.20080000103916973
2,14,comm_client_to_server_link,2.0,137.9184
2,14,comm_server_to_client,3.0,0.09459999273531139
2,14,comm_server_to_client_link,3.0,137.9184
2,14,local_training,3.0,1815.7675999973435
2,14,comm_client_to_server,3.0,0.7802999898558483
2,14,comm_client_to_server_link,3.0,137.9184
2,14,comm_server_to_client,4.0,0.0746000005165115
2,14,comm_server_to_client_link,4.0,137.9184
2,14,local_training,4.0,1790.6183000013698
2,14,comm_client_to_server,4.0,0.13760000001639128
2,14,comm_client_to_server_link,4.0,137.9184
2,14,fedavg,,1.729200012050569
2,14,total_round,,8122.4768999964
2,15,comm_server_to_client,1.0,0.14859999646432698
2,15,comm_server_to_client_link,1.0,137.9184
2,15,local_training,1.0,1904.146300003049
2,15,comm_client_to_server,1.0,0.17880000814329833
2,15,comm_client_to_server_link,1.0,137.9184
2,15,comm_server_to_client,2.0,0.08990000060293823
2,15,comm_server_to_client_link,2.0,137.9184
2,15,local_training,2.0,1651.8677999993088
2,15,comm_client_to_server,2.0,0.18640000780578703
2,15,comm_client_to_server_link,2.0,137.9184
2,15,comm_server_to_client,3.0,0.09460000728722662
2,15,comm_server_to_client_link,3.0,137.9184
2,15,local_training,3.0,1626.6265000012936
2,15,comm_client_to_server,3.0,0.1630000042496249
2,15,comm_client_to_server_link,3.0,137.9184
2,15,comm_server_to_client,4.0,0.08240000170189887
2,15,comm_server_to_client_link,4.0,137.9184
2,15,local_training,4.0,2929.7885999985738
2,15,comm_client_to_server,4.0,0.19239999528508633
2,15,comm_client_to_server_link,4.0,137.9184
2,15,fedavg,,1.4815000031376258
2,15,total_round,,8116.018200002145
2,16,comm_server_to_client,1.0,0.2648000081535429
2,16,comm_server_to_client_link,1.0,137.9184
2,16,local_training,1.0,1612.7543000038713
2,16,comm_client_to_server,1.0,0.18600000475998968
2,16,comm_client_to_server_link,1.0,137.9184
2,16,comm_server_to_client,2.0,0.09309999586548656
2,16,comm_server_to_client_link,2.0,137.9184
2,16,local_training,2.0,1463.4875000047032
2,16,comm_client_to_server,2.0,0.13809998927172273
2,16,comm_client_to_server_link,2.0,137.9184
2,16,comm_server_to_client,3.0,0.06570000550709665
2,16,comm_server_to_client_link,3.0,137.9184
2,16,local_training,3.0,1577.5555000000168
2,16,comm_client_to_server,3.0,0.13719999697059393
2,16,comm_client_to_server_link,3.0,137.9184
2,16,comm_server_to_client,4.0,0.0675999908708036
2,16,comm_server_to_client_link,4.0,137.9184
2,16,local_training,4.0,2905.8070000028238
2,16,comm_client_to_server,4.0,0.16150000737980008
2,16,comm_client_to_server_link,4.0,137.9184
2,16,fedavg,,1.7484999989392236
2,16,total_round,,7563.826400000835
2,17,comm_server_to_client,1.0,0.20349999249447137
2,17,comm_server_to_client_link,1.0,137.9184
2,17,local_training,1.0,2839.563499990618
2,17,comm_client_to_server,1.0,0.2032999909715727
2,17,comm_client_to_server_link,1.0,137.9184
2,17,comm_server_to_client,2.0,0.10900000052060932
2,17,comm_server_to_client_link,2.0,137.9184
2,17,local_training,2.0,1592.4316000018734
2,17,comm_client_to_server,2.0,0.1309000072069466
2,17,comm_client_to_server_link,2.0,137.9184
2,17,comm_server_to_client,3.0,0.0768999889260158
2,17,comm_server_to_client_link,3.0,137.9184
2,17,local_training,3.0,1567.542600008892
2,17,comm_client_to_server,3.0,0.12680000509135425
2,17,comm_client_to_server_link,3.0,137.9184
2,17,comm_server_to_client,4.0,0.05869999586138874
2,17,comm_server_to_client_link,4.0,137.9184
2,17,local_training,4.0,1615.5300999962492
2,17,comm_client_to_server,4.0,0.19530000281520188
2,17,comm_client_to_server_link,4.0,137.9184
2,17,fedavg,,2.265199989778921
2,17,total_round,,7619.695100001991
2,18,comm_server_to_client,1.0,0.11499998799990863
2,18,comm_server_to_client_link,1.0,137.9184
2,18,local_training,1.0,1968.0076999939047
2,18,comm_client_to_server,1.0,0.15589999384246767
2,18,comm_client_to_server_link,1.0,137.9184
2,18,comm_server_to_client,2.0,0.10309999925084412
2,18,comm_server_to_client_link,2.0,137.9184
2,18,local_training,2.0,1870.5898000043817
2,18,comm_client_to_server,2.0,0.23859999782871455
2,18,comm_client_to_server_link,2.0,137.9184
2,18,comm_server_to_client,3.0,0.16920000780373812
2,18,comm_server_to_client_link,3.0,137.9184
2,18,local_training,3.0,1700.7602000085171
2,18,comm_client_to_server,3.0,0.15870000061113387
2,18,comm_client_to_server_link,3.0,137.9184
2,18,comm_server_to_client,4.0,0.08949999755714089
2,18,comm_server_to_client_link,4.0,137.9184
2,18,local_training,4.0,1563.112399991951
2,18,comm_client_to_server,4.0,0.2133999951183796
2,18,comm_client_to_server_link,4.0,137.9184
2,18,fedavg,,2.8326000028755516
2,18,total_round,,7107.564799996908
2,19,comm_server_to_client,1.0,0.22760000138077885
2,19,comm_server_to_client_link,1.0,137.9184
2,19,local_training,1.0,1514.9041999975452
2,19,comm_client_to_server,1.0,0.14180000289343297
2,19,comm_client_to_server_link,1.0,137.9184
2,19,comm_server_to_client,2.0,0.07469998672604561
2,19,comm_server_to_client_link,2.0,137.9184
2,19,local_training,2.0,1644.6575000009034
2,19,comm_client_to_server,2.0,0.13649999164044857
2,19,comm_client_to_server_link,2.0,137.9184
2,19,comm_server_to_client,3.0,0.07140000525396317
2,19,comm_server_to_client_link,3.0,137.9184
2,19,local_training,3.0,1873.7083000014536
2,19,comm_client_to_server,3.0,0.1505999971413985
2,19,comm_client_to_server_link,3.0,137.9184
2,19,comm_server_to_client,4.0,0.07999999797903001
2,19,comm_server_to_client_link,4.0,137.9184
2,19,local_training,4.0,1572.1377000008943
2,19,comm_client_to_server,4.0,0.13989998842589557
2,19,comm_client_to_server_link,4.0,137.9184
2,19,fedavg,,1.3349000073503703
2,19,total_round,,6609.234500007005
2,20,comm_server_to_client,1.0,0.12859998969361186
2,20,comm_server_to_client_link,1.0,137.9184
2,20,local_training,1.0,1440.7521999964956
2,20,comm_client_to_server,1.0,0.13490000856108963
2,20,comm_client_to_server_link,1.0,137.9184
2,20,comm_server_to_client,2.0,0.08090000483207405
2,20,comm_server_to_client_link,2.0,137.9184
2,20,local_training,2.0,1606.8074999930104
2,20,comm_client_to_server,2.0,0.1326000055996701
2,20,comm_client_to_server_link,2.0,137.9184
2,20,comm_server_to_client,3.0,0.06719998782500625
2,20,comm_server_to_client_link,3.0,137.9184
2,20,local_training,3.0,1421.7189000046346
2,20,comm_client_to_server,3.0,0.1289000065298751
2,20,comm_client_to_server_link,3.0,137.9184
2,20,comm_server_to_client,4.0,0.06679999933112413
2,20,comm_server_to_client_link,4.0,137.9184
2,20,local_training,4.0,1512.9801000002772
2,20,comm_client_to_server,4.0,0.17010000010486692
2,20,comm_client_to_server_link,4.0,137.9184
2,20,fedavg,,1.4448000001721084
2,20,total_round,,5985.515300009865
