trial,round,client,payload_bytes
1,1,1,172398
1,1,2,172398
1,1,3,172398
1,1,4,172398
1,2,1,172398
1,2,2,172398
1,2,3,172398
1,2,4,172398
1,3,1,172398
1,3,2,172398
1,3,3,172398
1,3,4,172398
1,4,1,172398
1,4,2,172398
1,4,3,172398
1,4,4,172398
1,5,1,172398
1,5,2,172398
1,5,3,172398
1,5,4,172398
1,6,1,172398
1,6,2,172398
1,6,3,172398
1,6,4,172398
1,7,1,172398
1,7,2,172398
1,7,3,172398
1,7,4,172398
1,8,1,172398
1,8,2,172398
1,8,3,172398
1,8,4,172398
1,9,1,172398
1,9,2,172398
1,9,3,172398
1,9,4,172398
1,10,1,172398
1,10,2,172398
1,10,3,172398
1,10,4,172398
1,11,1,172398
1,11,2,172398
1,11,3,172398
1,11,4,172398
1,12,1,172398
1,12,2,172398
1,12,3,172398
1,12,4,172398
1,13,1,172398
1,13,2,172398
1,13,3,172398
1,13,4,172398
1,14,1,172398
1,14,2,172398
1,14,3,172398
1,14,4,172398
1,15,1,172398
1,15,2,172398
1,15,3,172398
1,15,4,172398
1,16,1,172398
1,16,2,172398
1,16,3,172398
1,16,4,172398
1,17,1,172398
1,17,2,172398
1,17,3,172398
1,17,4,172398
1,18,1,172398
1,18,2,172398
1,18,3,172398
1,18,4,172398
1,19,1,172398
1,19,2,172398
1,19,3,172398
1,19,4,172398
1,20,1,172398
1,20,2,172398
1,20,3,172398
1,20,4,172398
2,1,1,172398
2,1,2,172398
2,1,3,172398
2,1,4,172398
2,2,1,172398
2,2,2,172398
2,2,3,172398
2,2,4,172398
2,3,1,172398
2,3,2,172398
2,3,3,172398
2,3,4,172398
2,4,1,172398
2,4,2,172398
2,4,3,172398
2,4,4,172398
2,5,1,172398
2,5,2,172398
2,5,3,172398
2,5,4,172398
2,6,1,172398
2,6,2,172398
2,6,3,172398
2,6,4,172398
2,7,1,172398
2,7,2,172398
2,7,3,172398
2,7,4,172398
2,8,1,172398
2,8,2,172398
2,8,3,172398
2,8,4,172398
2,9,1,172398
2,9,2,172398
2,9,3,172398
2,9,4,172398
2,10,1,172398
2,10,2,172398
2,10,3,172398
2,10,4,172398
2,11,1,172398
2,11,2,172398
2,11,3,172398
2,11,4,172398
2,12,1,172398
2,12,2,172398
2,12,3,172398
2,12,4,172398
2,13,1,172398
2,13,2,172398
2,13,3,172398
2,13,4,172398
2,14,1,172398
2,14,2,172398
2,14,3,172398
2,14,4,172398
2,15,1,172398
2,15,2,172398
2,15,3,172398
2,15,4,172398
2,16,1,172398
2,16,2,172398
2,16,3,172398
2,16,4,172398
2,17,1,172398
2,17,2,172398
2,17,3,172398
2,17,4,172398
2,18,1,172398
2,18,2,172398
2,18,3,172398
2,18,4,172398
2,19,1,172398
2,19,2,172398
2,19,3,172398
2,19,4,172398
2,20,1,172398
2,20,2,172398
2,20,3,172398
2,20,4,172398
