actual,predicted
4851.59,4012.1118
2150.48,3656.709
5358.92,3748.5303
3175.45,4032.484
5247.57,4039.5608
5164.88,3944.6475
2443.43,4043.6047
5827.95,3940.1143
5425.23,3827.2886
3516.38,3740.215
3258.32,3848.177
3366.52,3722.4292
2681.91,3824.9185
3498.61,4113.623
3124.54,3741.824
4375.72,3545.4658
2160.32,3744.1038
4789.88,3968.3342
2396.09,3762.4998
5760.8,3952.6792
5970.39,3847.6406
3381.17,4047.728
2604.41,3740.5872
2413.17,3907.2664
2884.17,3750.495
2681.28,3854.349
3997.67,3566.009
3142.99,3918.683
5538.52,3610.8843
2229.65,4039.623
5033.77,3826.2354
5236.58,3790.6323
5633.65,3789.005
3912.98,3686.3408
3009.05,3795.161
5073.96,3779.6792
5445.97,3740.33
3740.95,3889.0522
5235.26,3961.1401
4349.87,3789.9233
3882.79,3923.3416
2684.8,3902.0146
2080.21,3858.5742
4251.4,3900.605
4893.41,3863.3823
2764.41,3844.654
4422.42,3845.3335
2200.87,3710.0996
4121.77,3927.4023
4354.36,3886.8174
2858.28,4020.6836
5392.13,3820.9697
4545.73,3741.7808
5867.22,3863.1616
2546.01,3982.4949
5859.3,3973.5007
4989.35,3879.2686
2524.63,3950.2617
3105.07,3700.9517
5306.25,3762.355
5680.91,3727.36
5205.04,3603.3723
5737.73,3897.7205
3457.1,3513.8235
4838.69,3793.3477
2721.66,4029.8008
5025.21,3688.4282
3051.4,3599.9844
3942.56,3492.1338
5878.35,3864.2268
5007.11,4055.8638
2942.57,3883.292
5732.35,3898.624
4794.58,3812.6763
4676.14,3667.9062
