loss,mae,val_loss,val_mae
17919020.0,4069.47705078125,15694305.0,3794.953369140625
17914768.0,4068.95458984375,15688530.0,3794.1953125
17905354.0,4067.8125,15674373.0,3792.336669921875
17880800.0,4064.85009765625,15637105.0,3787.4375
17818452.0,4057.210693359375,15544460.0,3775.23583984375
17672044.0,4039.383544921875,15337842.0,3747.88134765625
17365066.0,4001.68115234375,14928920.0,3693.140380859375
16777258.0,3928.062744140625,14200639.0,3593.5771484375
15840837.0,3806.023193359375,13049214.0,3430.158447265625
14344900.0,3606.542236328125,11399960.0,3181.625732421875
12323268.0,3311.65380859375,9257033.0,2826.189697265625
9850905.0,2912.4423828125,6790832.0,2351.21240234375
7083243.5,2378.461181640625,4346195.0,1757.547119140625
4587449.5,1817.3621826171875,2416540.25,1244.14111328125
2610454.75,1343.7462158203125,1419191.0,989.4429931640625
1921521.5,1152.340576171875,1266892.375,971.0236206054688
1761583.0,1105.13037109375,1367639.625,999.0641479492188
1619214.75,1059.286376953125,1409195.375,1011.627197265625
1757394.875,1110.258056640625,1369593.625,1000.4329223632812
1772850.5,1144.34326171875,1346784.875,993.8699951171875
1601152.5,1076.8057861328125,1360754.875,998.2814331054688
1707210.25,1092.986083984375,1373335.0,1002.2963256835938
1642043.25,1084.24755859375,1383793.75,1004.5654296875
1618112.0,1070.12109375,1396933.75,1008.586669921875
1657323.875,1079.7431640625,1389973.375,1007.969970703125
1827780.75,1146.7335205078125,1390742.25,1009.0611572265625
