Round,Computation Latency (ms),Communication Latency (ms),Total Latency (ms)
1,120.9735,4.154,125.1275
2,84.1751,4.5613,88.7364
3,78.2478,4.854,83.1018
4,139.9923,9.331,149.3233
5,146.0832,6.7687,152.8519
6,407.6513,28.4785,436.1298
7,111.4825,6.3819,117.8644
8,114.5607,5.6452,120.2059
9,93.0732,5.8839,98.9571
10,88.008,4.4304,92.4384
11,122.9101,5.8632,128.7733
12,265.8615,7.6115,273.473
13,134.0462,6.2635,140.3097
14,133.9162,6.5127,140.4289
15,98.9617,5.4325,104.3942
16,119.546,7.6232,127.1692
17,104.6959,61.271,165.9669
18,136.515,6.4284,142.9434
19,103.4932,5.6186,109.1118
20,102.7905,4.6306,107.4211
